kind,project,local_path,id_or_uid,view_url,api_url,metadata_json,uploaded_at
video,added,interacting/cat_sign_language_communication_with_human.mp4,9656de767ff6497199d386b850be3c64,https://customer-1ixj2hastb04w2ye.cloudflarestream.com/9656de767ff6497199d386b850be3c64/manifest/video.m3u8,https://api.cloudflare.com/client/v4/accounts/85cd9827d6b73c6498b0f1fcd409a017/stream/9656de767ff6497199d386b850be3c64,"{""project"": ""added"", ""source"": ""interacting/cat_sign_language_communication_with_human.mp4"", ""name"": ""cat_sign_language_communication_with_human.mp4""}",2025-08-09T19:45:25.794855+00:00
video,added,interacting/Goose joins in Namo Amitabha recitation session.mp4,e19ea45b6de949919d87cf5feeeb3e12,https://customer-1ixj2hastb04w2ye.cloudflarestream.com/e19ea45b6de949919d87cf5feeeb3e12/manifest/video.m3u8,https://api.cloudflare.com/client/v4/accounts/85cd9827d6b73c6498b0f1fcd409a017/stream/e19ea45b6de949919d87cf5feeeb3e12,"{""project"": ""added"", ""source"": ""interacting/Goose joins in Namo Amitabha recitation session.mp4"", ""name"": ""Goose joins in Namo Amitabha recitation session.mp4""}",2025-08-09T19:45:26.502943+00:00
video,added,interacting/ChimpGuidingHuman.mp4,94d8f42fabd34c65ac71eb68113d8d4e,https://customer-1ixj2hastb04w2ye.cloudflarestream.com/94d8f42fabd34c65ac71eb68113d8d4e/manifest/video.m3u8,https://api.cloudflare.com/client/v4/accounts/85cd9827d6b73c6498b0f1fcd409a017/stream/94d8f42fabd34c65ac71eb68113d8d4e,"{""project"": ""added"", ""source"": ""interacting/ChimpGuidingHuman.mp4"", ""name"": ""ChimpGuidingHuman.mp4""}",2025-08-09T19:45:26.538106+00:00
image,added,body_parts/BlackHeronUsingWingsPic.jpg,added-575756f9348dbd21787487c72f4f745337ee7c9e,https://imagedelivery.net/Ptcv2Ac6tnaI-eaT-OcsTQ/added-575756f9348dbd21787487c72f4f745337ee7c9e/public,https://api.cloudflare.com/client/v4/accounts/85cd9827d6b73c6498b0f1fcd409a017/images/v1/added-575756f9348dbd21787487c72f4f745337ee7c9e,"{""project"": ""added"", ""source"": ""body_parts/BlackHeronUsingWingsPic.jpg""}",2025-08-09T19:45:26.543162+00:00
image,added,body_parts/black_heron_wings_shadow.jpg,added-0cb0304a36a459554784cda91c0ea50358ce7a93,https://imagedelivery.net/Ptcv2Ac6tnaI-eaT-OcsTQ/added-0cb0304a36a459554784cda91c0ea50358ce7a93/public,https://api.cloudflare.com/client/v4/accounts/85cd9827d6b73c6498b0f1fcd409a017/images/v1/added-0cb0304a36a459554784cda91c0ea50358ce7a93,"{""project"": ""added"", ""source"": ""body_parts/black_heron_wings_shadow.jpg""}",2025-08-09T19:45:26.670155+00:00
image,added,bait/crocodile_with_twigs_as_bait.jpg,added-96c491838015ecfc182da28ea4703b0de2b7720b,https://imagedelivery.net/Ptcv2Ac6tnaI-eaT-OcsTQ/added-96c491838015ecfc182da28ea4703b0de2b7720b/public,https://api.cloudflare.com/client/v4/accounts/85cd9827d6b73c6498b0f1fcd409a017/images/v1/added-96c491838015ecfc182da28ea4703b0de2b7720b,"{""project"": ""added"", ""source"": ""bait/crocodile_with_twigs_as_bait.jpg""}",2025-08-09T19:45:30.793115+00:00
video,added,navigating_human_world/ElephantRecyclingBin.mp4,798d2c38cd6049f4b71ccfdd7d014390,https://customer-1ixj2hastb04w2ye.cloudflarestream.com/798d2c38cd6049f4b71ccfdd7d014390/manifest/video.m3u8,https://api.cloudflare.com/client/v4/accounts/85cd9827d6b73c6498b0f1fcd409a017/stream/798d2c38cd6049f4b71ccfdd7d014390,"{""project"": ""added"", ""source"": ""navigating_human_world/ElephantRecyclingBin.mp4"", ""name"": ""ElephantRecyclingBin.mp4""}",2025-08-09T19:45:32.313269+00:00
video,added,funerals/black_vulture_funeral.mp4,cf78a333fac248e1994c3bc9de703027,https://customer-1ixj2hastb04w2ye.cloudflarestream.com/cf78a333fac248e1994c3bc9de703027/manifest/video.m3u8,https://api.cloudflare.com/client/v4/accounts/85cd9827d6b73c6498b0f1fcd409a017/stream/cf78a333fac248e1994c3bc9de703027,"{""project"": ""added"", ""source"": ""funerals/black_vulture_funeral.mp4"", ""name"": ""black_vulture_funeral.mp4""}",2025-08-09T19:50:02.529818+00:00
video,added,interacting/bearded_dragon_waving.mp4,e1fb59f4ac9a41048ce779fc27259182,https://customer-1ixj2hastb04w2ye.cloudflarestream.com/e1fb59f4ac9a41048ce779fc27259182/manifest/video.m3u8,https://api.cloudflare.com/client/v4/accounts/85cd9827d6b73c6498b0f1fcd409a017/stream/e1fb59f4ac9a41048ce779fc27259182,"{""project"": ""added"", ""source"": ""interacting/bearded_dragon_waving.mp4"", ""name"": ""bearded_dragon_waving.mp4""}",2025-08-09T19:50:06.773087+00:00
video,added,interacting/dog_using_sound_board.mp4,97395fecafa14cfcb1f4220ca18faf62,https://customer-1ixj2hastb04w2ye.cloudflarestream.com/97395fecafa14cfcb1f4220ca18faf62/manifest/video.m3u8,https://api.cloudflare.com/client/v4/accounts/85cd9827d6b73c6498b0f1fcd409a017/stream/97395fecafa14cfcb1f4220ca18faf62,"{""project"": ""added"", ""source"": ""interacting/dog_using_sound_board.mp4"", ""name"": ""dog_using_sound_board.mp4""}",2025-08-09T19:50:07.527795+00:00
video,added,interacting/monkey_showing_how_to_crush_leaves.mp4,43917781ac2148078e050589d2a1a11d,https://customer-1ixj2hastb04w2ye.cloudflarestream.com/43917781ac2148078e050589d2a1a11d/manifest/video.m3u8,https://api.cloudflare.com/client/v4/accounts/85cd9827d6b73c6498b0f1fcd409a017/stream/43917781ac2148078e050589d2a1a11d,"{""project"": ""added"", ""source"": ""interacting/monkey_showing_how_to_crush_leaves.mp4"", ""name"": ""monkey_showing_how_to_crush_leaves.mp4""}",2025-08-09T19:50:07.712288+00:00
image,added,mirrors/gif.gif,added-43fd554c1aed94bf9458399cea8dcd5418a6495b,https://imagedelivery.net/Ptcv2Ac6tnaI-eaT-OcsTQ/added-43fd554c1aed94bf9458399cea8dcd5418a6495b/public,https://api.cloudflare.com/client/v4/accounts/85cd9827d6b73c6498b0f1fcd409a017/images/v1/added-43fd554c1aed94bf9458399cea8dcd5418a6495b,"{""project"": ""added"", ""source"": ""mirrors/gif.gif""}",2025-08-09T19:50:11.932567+00:00
video,added,electronics/KittensWatchingSmartPhone.mp4,e9395520fb124426b7d43ed823b8b436,https://customer-1ixj2hastb04w2ye.cloudflarestream.com/e9395520fb124426b7d43ed823b8b436/manifest/video.m3u8,https://api.cloudflare.com/client/v4/accounts/85cd9827d6b73c6498b0f1fcd409a017/stream/e9395520fb124426b7d43ed823b8b436,"{""project"": ""added"", ""source"": ""electronics/KittensWatchingSmartPhone.mp4"", ""name"": ""KittensWatchingSmartPhone.mp4""}",2025-08-09T19:57:45.545304+00:00
video,added,body_parts/BlackHeronUsingWings.mp4,cc7eb632b05d4116a2da4c872b32f2e8,https://customer-1ixj2hastb04w2ye.cloudflarestream.com/cc7eb632b05d4116a2da4c872b32f2e8/manifest/video.m3u8,https://api.cloudflare.com/client/v4/accounts/85cd9827d6b73c6498b0f1fcd409a017/stream/cc7eb632b05d4116a2da4c872b32f2e8,"{""project"": ""added"", ""source"": ""body_parts/BlackHeronUsingWings.mp4"", ""name"": ""BlackHeronUsingWings.mp4""}",2025-08-09T19:57:46.418921+00:00
video,added,imitating_humans/dog_imitating_humans.mp4,0c26d63bf6d64c6aa3b6b99519c46acc,https://customer-1ixj2hastb04w2ye.cloudflarestream.com/0c26d63bf6d64c6aa3b6b99519c46acc/manifest/video.m3u8,https://api.cloudflare.com/client/v4/accounts/85cd9827d6b73c6498b0f1fcd409a017/stream/0c26d63bf6d64c6aa3b6b99519c46acc,"{""project"": ""added"", ""source"": ""imitating_humans/dog_imitating_humans.mp4"", ""name"": ""dog_imitating_humans.mp4""}",2025-08-09T19:57:47.953190+00:00
video,added,electronics/gorilla_tender.mp4,b2b6239b704143068bfadce26e1cff09,https://customer-1ixj2hastb04w2ye.cloudflarestream.com/b2b6239b704143068bfadce26e1cff09/manifest/video.m3u8,https://api.cloudflare.com/client/v4/accounts/85cd9827d6b73c6498b0f1fcd409a017/stream/b2b6239b704143068bfadce26e1cff09,"{""project"": ""added"", ""source"": ""electronics/gorilla_tender.mp4"", ""name"": ""gorilla_tender.mp4""}",2025-08-09T19:57:58.050952+00:00
video,added,electronics/sheep_recognizing_human_faces.mp4,b78b078261e842c2b837c87c9599b03d,https://customer-1ixj2hastb04w2ye.cloudflarestream.com/b78b078261e842c2b837c87c9599b03d/manifest/video.m3u8,https://api.cloudflare.com/client/v4/accounts/85cd9827d6b73c6498b0f1fcd409a017/stream/b78b078261e842c2b837c87c9599b03d,"{""project"": ""added"", ""source"": ""electronics/sheep_recognizing_human_faces.mp4"", ""name"": ""sheep_recognizing_human_faces.mp4""}",2025-08-09T19:57:58.761971+00:00
video,added,electronics/CatWatchingIPad.mp4,df9b317b435c4e56b3d66669d89dc6ba,https://customer-1ixj2hastb04w2ye.cloudflarestream.com/df9b317b435c4e56b3d66669d89dc6ba/manifest/video.m3u8,https://api.cloudflare.com/client/v4/accounts/85cd9827d6b73c6498b0f1fcd409a017/stream/df9b317b435c4e56b3d66669d89dc6ba,"{""project"": ""added"", ""source"": ""electronics/CatWatchingIPad.mp4"", ""name"": ""CatWatchingIPad.mp4""}",2025-08-09T19:57:59.804676+00:00
video,added,electronics/bird_using_smart_phone.mp4,35d5ff2e2fb74c728985dfb64146991a,https://customer-1ixj2hastb04w2ye.cloudflarestream.com/35d5ff2e2fb74c728985dfb64146991a/manifest/video.m3u8,https://api.cloudflare.com/client/v4/accounts/85cd9827d6b73c6498b0f1fcd409a017/stream/35d5ff2e2fb74c728985dfb64146991a,"{""project"": ""added"", ""source"": ""electronics/bird_using_smart_phone.mp4"", ""name"": ""bird_using_smart_phone.mp4""}",2025-08-09T19:58:11.965590+00:00
video,added,electronics/dog_imitating_dog_on_tv.mp4,cec2d85c02f5451ab6e869dde0e5e249,https://customer-1ixj2hastb04w2ye.cloudflarestream.com/cec2d85c02f5451ab6e869dde0e5e249/manifest/video.m3u8,https://api.cloudflare.com/client/v4/accounts/85cd9827d6b73c6498b0f1fcd409a017/stream/cec2d85c02f5451ab6e869dde0e5e249,"{""project"": ""added"", ""source"": ""electronics/dog_imitating_dog_on_tv.mp4"", ""name"": ""dog_imitating_dog_on_tv.mp4""}",2025-08-09T19:58:12.969781+00:00
video,added,electronics/dog_watching_tv.mp4,e9c065b066d0411b853d945eb6e8af6f,https://customer-1ixj2hastb04w2ye.cloudflarestream.com/e9c065b066d0411b853d945eb6e8af6f/manifest/video.m3u8,https://api.cloudflare.com/client/v4/accounts/85cd9827d6b73c6498b0f1fcd409a017/stream/e9c065b066d0411b853d945eb6e8af6f,"{""project"": ""added"", ""source"": ""electronics/dog_watching_tv.mp4"", ""name"": ""dog_watching_tv.mp4""}",2025-08-09T19:58:15.624691+00:00
video,added,electronics/bird_with_tablet.mp4,1005592adcc0473dae070d6d40ffa85a,https://customer-1ixj2hastb04w2ye.cloudflarestream.com/1005592adcc0473dae070d6d40ffa85a/manifest/video.m3u8,https://api.cloudflare.com/client/v4/accounts/85cd9827d6b73c6498b0f1fcd409a017/stream/1005592adcc0473dae070d6d40ffa85a,"{""project"": ""added"", ""source"": ""electronics/bird_with_tablet.mp4"", ""name"": ""bird_with_tablet.mp4""}",2025-08-09T19:58:44.306936+00:00
video,added,human_tools/cat_door_knocker.mp4,ea7b7ea92b7549c7a96a2d8af329f59e,https://customer-1ixj2hastb04w2ye.cloudflarestream.com/ea7b7ea92b7549c7a96a2d8af329f59e/manifest/video.m3u8,https://api.cloudflare.com/client/v4/accounts/85cd9827d6b73c6498b0f1fcd409a017/stream/ea7b7ea92b7549c7a96a2d8af329f59e,"{""project"": ""added"", ""source"": ""human_tools/cat_door_knocker.mp4"", ""name"": ""cat_door_knocker.mp4""}",2025-08-09T19:58:44.399521+00:00
video,added,human_tools/dog_using_raft.mp4,f8a88dac50be4ac3a87c5e6279857551,https://customer-1ixj2hastb04w2ye.cloudflarestream.com/f8a88dac50be4ac3a87c5e6279857551/manifest/video.m3u8,https://api.cloudflare.com/client/v4/accounts/85cd9827d6b73c6498b0f1fcd409a017/stream/f8a88dac50be4ac3a87c5e6279857551,"{""project"": ""added"", ""source"": ""human_tools/dog_using_raft.mp4"", ""name"": ""dog_using_raft.mp4""}",2025-08-09T19:58:46.718783+00:00
video,added,human_tools/chimp_attempting_lock.mp4,85664e24590649eab8ef87e920dc3437,https://customer-1ixj2hastb04w2ye.cloudflarestream.com/85664e24590649eab8ef87e920dc3437/manifest/video.m3u8,https://api.cloudflare.com/client/v4/accounts/85cd9827d6b73c6498b0f1fcd409a017/stream/85664e24590649eab8ef87e920dc3437,"{""project"": ""added"", ""source"": ""human_tools/chimp_attempting_lock.mp4"", ""name"": ""chimp_attempting_lock.mp4""}",2025-08-09T19:58:49.231943+00:00
video,added,human_tools/CatUsingDoorKnocker.mp4,97d9b222a5f540ae9791f6984864290a,https://customer-1ixj2hastb04w2ye.cloudflarestream.com/97d9b222a5f540ae9791f6984864290a/manifest/video.m3u8,https://api.cloudflare.com/client/v4/accounts/85cd9827d6b73c6498b0f1fcd409a017/stream/97d9b222a5f540ae9791f6984864290a,"{""project"": ""added"", ""source"": ""human_tools/CatUsingDoorKnocker.mp4"", ""name"": ""CatUsingDoorKnocker.mp4""}",2025-08-09T19:59:19.144265+00:00
video,added,human_tools/orangutan_canoing.mp4,7b82643ae7cf46189d661d9f7dcbae72,https://customer-1ixj2hastb04w2ye.cloudflarestream.com/7b82643ae7cf46189d661d9f7dcbae72/manifest/video.m3u8,https://api.cloudflare.com/client/v4/accounts/85cd9827d6b73c6498b0f1fcd409a017/stream/7b82643ae7cf46189d661d9f7dcbae72,"{""project"": ""added"", ""source"": ""human_tools/orangutan_canoing.mp4"", ""name"": ""orangutan_canoing.mp4""}",2025-08-09T19:59:19.168337+00:00
video,added,human_tools/cow_undoing_human_cage.mp4,8ccb962469304fd2a4823d4a17e0d469,https://customer-1ixj2hastb04w2ye.cloudflarestream.com/8ccb962469304fd2a4823d4a17e0d469/manifest/video.m3u8,https://api.cloudflare.com/client/v4/accounts/85cd9827d6b73c6498b0f1fcd409a017/stream/8ccb962469304fd2a4823d4a17e0d469,"{""project"": ""added"", ""source"": ""human_tools/cow_undoing_human_cage.mp4"", ""name"": ""cow_undoing_human_cage.mp4""}",2025-08-09T19:59:19.971690+00:00
video,added,human_tools/cat_turning_on_ac.mp4,5f762f90bc2641e199b8c854bac7ad57,https://customer-1ixj2hastb04w2ye.cloudflarestream.com/5f762f90bc2641e199b8c854bac7ad57/manifest/video.m3u8,https://api.cloudflare.com/client/v4/accounts/85cd9827d6b73c6498b0f1fcd409a017/stream/5f762f90bc2641e199b8c854bac7ad57,"{""project"": ""added"", ""source"": ""human_tools/cat_turning_on_ac.mp4"", ""name"": ""cat_turning_on_ac.mp4""}",2025-08-09T20:00:13.258839+00:00
video,added,human_tools/OrangutanPaddlingBoatTrained.mp4,cec2d3e2e0e24b4e93fc0f829352b99b,https://customer-1ixj2hastb04w2ye.cloudflarestream.com/cec2d3e2e0e24b4e93fc0f829352b99b/manifest/video.m3u8,https://api.cloudflare.com/client/v4/accounts/85cd9827d6b73c6498b0f1fcd409a017/stream/cec2d3e2e0e24b4e93fc0f829352b99b,"{""project"": ""added"", ""source"": ""human_tools/OrangutanPaddlingBoatTrained.mp4"", ""name"": ""OrangutanPaddlingBoatTrained.mp4""}",2025-08-09T20:00:13.530166+00:00
video,added,human_tools/koko_view-master.mp4,4b5deca0606941f9bdd118e11c89bb28,https://customer-1ixj2hastb04w2ye.cloudflarestream.com/4b5deca0606941f9bdd118e11c89bb28/manifest/video.m3u8,https://api.cloudflare.com/client/v4/accounts/85cd9827d6b73c6498b0f1fcd409a017/stream/4b5deca0606941f9bdd118e11c89bb28,"{""project"": ""added"", ""source"": ""human_tools/koko_view-master.mp4"", ""name"": ""koko_view-master.mp4""}",2025-08-09T20:00:13.573540+00:00
video,added,human_tools/cat_drinking_from_container.mp4,80df388054a34345a84e7a26e129980b,https://customer-1ixj2hastb04w2ye.cloudflarestream.com/80df388054a34345a84e7a26e129980b/manifest/video.m3u8,https://api.cloudflare.com/client/v4/accounts/85cd9827d6b73c6498b0f1fcd409a017/stream/80df388054a34345a84e7a26e129980b,"{""project"": ""added"", ""source"": ""human_tools/cat_drinking_from_container.mp4"", ""name"": ""cat_drinking_from_container.mp4""}",2025-08-09T20:00:14.917038+00:00
video,added,human_tools/orangutan_makes_hammock.mp4,3026d29880eb47b1a31e664550f04aa3,https://customer-1ixj2hastb04w2ye.cloudflarestream.com/3026d29880eb47b1a31e664550f04aa3/manifest/video.m3u8,https://api.cloudflare.com/client/v4/accounts/85cd9827d6b73c6498b0f1fcd409a017/stream/3026d29880eb47b1a31e664550f04aa3,"{""project"": ""added"", ""source"": ""human_tools/orangutan_makes_hammock.mp4"", ""name"": ""orangutan_makes_hammock.mp4""}",2025-08-09T20:00:33.318152+00:00
video,added,human_tools/donkey_deconstructing_fence.mp4,73b7390aec0e4281b684f14bcbcb30ac,https://customer-1ixj2hastb04w2ye.cloudflarestream.com/73b7390aec0e4281b684f14bcbcb30ac/manifest/video.m3u8,https://api.cloudflare.com/client/v4/accounts/85cd9827d6b73c6498b0f1fcd409a017/stream/73b7390aec0e4281b684f14bcbcb30ac,"{""project"": ""added"", ""source"": ""human_tools/donkey_deconstructing_fence.mp4"", ""name"": ""donkey_deconstructing_fence.mp4""}",2025-08-09T20:00:35.079815+00:00
video,added,human_tools/OctopusUnscrewLid.mp4,e7dcee86d8864c15b1e2e4490bd11eef,https://customer-1ixj2hastb04w2ye.cloudflarestream.com/e7dcee86d8864c15b1e2e4490bd11eef/manifest/video.m3u8,https://api.cloudflare.com/client/v4/accounts/85cd9827d6b73c6498b0f1fcd409a017/stream/e7dcee86d8864c15b1e2e4490bd11eef,"{""project"": ""added"", ""source"": ""human_tools/OctopusUnscrewLid.mp4"", ""name"": ""OctopusUnscrewLid.mp4""}",2025-08-09T20:00:35.922480+00:00
video,added,human_tools/crow_recycling.mp4,f53d666482764946924bab3abbc87589,https://customer-1ixj2hastb04w2ye.cloudflarestream.com/f53d666482764946924bab3abbc87589/manifest/video.m3u8,https://api.cloudflare.com/client/v4/accounts/85cd9827d6b73c6498b0f1fcd409a017/stream/f53d666482764946924bab3abbc87589,"{""project"": ""added"", ""source"": ""human_tools/crow_recycling.mp4"", ""name"": ""crow_recycling.mp4""}",2025-08-09T20:00:42.645578+00:00
video,added,human_tools/Monkey turns off tap after drinking water..mp4,647284769bde4e62865067d261399bd5,https://customer-1ixj2hastb04w2ye.cloudflarestream.com/647284769bde4e62865067d261399bd5/manifest/video.m3u8,https://api.cloudflare.com/client/v4/accounts/85cd9827d6b73c6498b0f1fcd409a017/stream/647284769bde4e62865067d261399bd5,"{""project"": ""added"", ""source"": ""human_tools/Monkey turns off tap after drinking water..mp4"", ""name"": ""Monkey turns off tap after drinking water..mp4""}",2025-08-09T20:00:43.296023+00:00
video,added,human_tools/dove_moving_box.mp4,748dd3cdad1b400c8f9f38ecb50c6661,https://customer-1ixj2hastb04w2ye.cloudflarestream.com/748dd3cdad1b400c8f9f38ecb50c6661/manifest/video.m3u8,https://api.cloudflare.com/client/v4/accounts/85cd9827d6b73c6498b0f1fcd409a017/stream/748dd3cdad1b400c8f9f38ecb50c6661,"{""project"": ""added"", ""source"": ""human_tools/dove_moving_box.mp4"", ""name"": ""dove_moving_box.mp4""}",2025-08-09T20:00:43.314073+00:00
video,added,other/dog_object_permanence.mp4,5948aa1e2c674f178e142a5e0cade09f,https://customer-1ixj2hastb04w2ye.cloudflarestream.com/5948aa1e2c674f178e142a5e0cade09f/manifest/video.m3u8,https://api.cloudflare.com/client/v4/accounts/85cd9827d6b73c6498b0f1fcd409a017/stream/5948aa1e2c674f178e142a5e0cade09f,"{""project"": ""added"", ""source"": ""other/dog_object_permanence.mp4"", ""name"": ""dog_object_permanence.mp4""}",2025-08-09T20:00:50.506074+00:00
video,added,other/goat_showing_compassion.mp4,aeff48964f9d420f8057db836dd11995,https://customer-1ixj2hastb04w2ye.cloudflarestream.com/aeff48964f9d420f8057db836dd11995/manifest/video.m3u8,https://api.cloudflare.com/client/v4/accounts/85cd9827d6b73c6498b0f1fcd409a017/stream/aeff48964f9d420f8057db836dd11995,"{""project"": ""added"", ""source"": ""other/goat_showing_compassion.mp4"", ""name"": ""goat_showing_compassion.mp4""}",2025-08-09T20:00:50.888084+00:00
video,added,human_tools/DogUnderstandingLeash.mp4,90e97e9797924d3a8deb3edb18835e53,https://customer-1ixj2hastb04w2ye.cloudflarestream.com/90e97e9797924d3a8deb3edb18835e53/manifest/video.m3u8,https://api.cloudflare.com/client/v4/accounts/85cd9827d6b73c6498b0f1fcd409a017/stream/90e97e9797924d3a8deb3edb18835e53,"{""project"": ""added"", ""source"": ""human_tools/DogUnderstandingLeash.mp4"", ""name"": ""DogUnderstandingLeash.mp4""}",2025-08-09T20:01:21.747701+00:00
video,added,other/chicken_counting.mp4,2b2320f9c96f468da899ab02374ef333,https://customer-1ixj2hastb04w2ye.cloudflarestream.com/2b2320f9c96f468da899ab02374ef333/manifest/video.m3u8,https://api.cloudflare.com/client/v4/accounts/85cd9827d6b73c6498b0f1fcd409a017/stream/2b2320f9c96f468da899ab02374ef333,"{""project"": ""added"", ""source"": ""other/chicken_counting.mp4"", ""name"": ""chicken_counting.mp4""}",2025-08-09T20:01:30.068507+00:00
video,added,other/magpie_stopping_fire.mp4,d6a2127bac9a4cd78fec45894a769402,https://customer-1ixj2hastb04w2ye.cloudflarestream.com/d6a2127bac9a4cd78fec45894a769402/manifest/video.m3u8,https://api.cloudflare.com/client/v4/accounts/85cd9827d6b73c6498b0f1fcd409a017/stream/d6a2127bac9a4cd78fec45894a769402,"{""project"": ""added"", ""source"": ""other/magpie_stopping_fire.mp4"", ""name"": ""magpie_stopping_fire.mp4""}",2025-08-09T20:01:30.383216+00:00
video,added,other/mountain_lion_failing_bucket_test.mp4,816379418b86446f8cafc956cbc41c32,https://customer-1ixj2hastb04w2ye.cloudflarestream.com/816379418b86446f8cafc956cbc41c32/manifest/video.m3u8,https://api.cloudflare.com/client/v4/accounts/85cd9827d6b73c6498b0f1fcd409a017/stream/816379418b86446f8cafc956cbc41c32,"{""project"": ""added"", ""source"": ""other/mountain_lion_failing_bucket_test.mp4"", ""name"": ""mountain_lion_failing_bucket_test.mp4""}",2025-08-09T20:02:01.571178+00:00
video,added,other/pit_bull_save_a_drowning_child.mp4,dd6b2a822c4544398592fbd5c4d996f7,https://customer-1ixj2hastb04w2ye.cloudflarestream.com/dd6b2a822c4544398592fbd5c4d996f7/manifest/video.m3u8,https://api.cloudflare.com/client/v4/accounts/85cd9827d6b73c6498b0f1fcd409a017/stream/dd6b2a822c4544398592fbd5c4d996f7,"{""project"": ""added"", ""source"": ""other/pit_bull_save_a_drowning_child.mp4"", ""name"": ""pit_bull_save_a_drowning_child.mp4""}",2025-08-09T20:02:02.165928+00:00
video,added,other/dog_turtle_game.mp4,41260110bb6348ef9487fe562b129789,https://customer-1ixj2hastb04w2ye.cloudflarestream.com/41260110bb6348ef9487fe562b129789/manifest/video.m3u8,https://api.cloudflare.com/client/v4/accounts/85cd9827d6b73c6498b0f1fcd409a017/stream/41260110bb6348ef9487fe562b129789,"{""project"": ""added"", ""source"": ""other/dog_turtle_game.mp4"", ""name"": ""dog_turtle_game.mp4""}",2025-08-09T20:02:04.770456+00:00
video,added,mirrors/dog_mirror.mp4,44be2b94bb584a79a860d22f698c9cf7,https://customer-1ixj2hastb04w2ye.cloudflarestream.com/44be2b94bb584a79a860d22f698c9cf7/manifest/video.m3u8,https://api.cloudflare.com/client/v4/accounts/85cd9827d6b73c6498b0f1fcd409a017/stream/44be2b94bb584a79a860d22f698c9cf7,"{""project"": ""added"", ""source"": ""mirrors/dog_mirror.mp4"", ""name"": ""dog_mirror.mp4""}",2025-08-09T20:02:46.141396+00:00
video,added,mirrors/jaguar_with_mirror.mp4,ec45972f2af84968aa9d149a6220c74e,https://customer-1ixj2hastb04w2ye.cloudflarestream.com/ec45972f2af84968aa9d149a6220c74e/manifest/video.m3u8,https://api.cloudflare.com/client/v4/accounts/85cd9827d6b73c6498b0f1fcd409a017/stream/ec45972f2af84968aa9d149a6220c74e,"{""project"": ""added"", ""source"": ""mirrors/jaguar_with_mirror.mp4"", ""name"": ""jaguar_with_mirror.mp4""}",2025-08-09T20:02:46.475538+00:00
video,added,mirrors/cat_snapchat_filter.mp4,25e1c52d72384972a76d0896d7d41998,https://customer-1ixj2hastb04w2ye.cloudflarestream.com/25e1c52d72384972a76d0896d7d41998/manifest/video.m3u8,https://api.cloudflare.com/client/v4/accounts/85cd9827d6b73c6498b0f1fcd409a017/stream/25e1c52d72384972a76d0896d7d41998,"{""project"": ""added"", ""source"": ""mirrors/cat_snapchat_filter.mp4"", ""name"": ""cat_snapchat_filter.mp4""}",2025-08-09T20:02:58.656851+00:00
video,added,mirrors/cat_mirror2.mp4,11db52df832e4cc3b6a1f283157d0258,https://customer-1ixj2hastb04w2ye.cloudflarestream.com/11db52df832e4cc3b6a1f283157d0258/manifest/video.m3u8,https://api.cloudflare.com/client/v4/accounts/85cd9827d6b73c6498b0f1fcd409a017/stream/11db52df832e4cc3b6a1f283157d0258,"{""project"": ""added"", ""source"": ""mirrors/cat_mirror2.mp4"", ""name"": ""cat_mirror2.mp4""}",2025-08-09T20:03:42.035368+00:00
video,added,mirrors/compilation.mp4,01f5ae184b8c43e69087015dd2f89418,https://customer-1ixj2hastb04w2ye.cloudflarestream.com/01f5ae184b8c43e69087015dd2f89418/manifest/video.m3u8,https://api.cloudflare.com/client/v4/accounts/85cd9827d6b73c6498b0f1fcd409a017/stream/01f5ae184b8c43e69087015dd2f89418,"{""project"": ""added"", ""source"": ""mirrors/compilation.mp4"", ""name"": ""compilation.mp4""}",2025-08-09T20:03:43.362841+00:00
video,added,other/duck_feeding_fish.mp4,1d8161ef904047bf8ec38bbbc9afeed6,https://customer-1ixj2hastb04w2ye.cloudflarestream.com/1d8161ef904047bf8ec38bbbc9afeed6/manifest/video.m3u8,https://api.cloudflare.com/client/v4/accounts/85cd9827d6b73c6498b0f1fcd409a017/stream/1d8161ef904047bf8ec38bbbc9afeed6,"{""project"": ""added"", ""source"": ""other/duck_feeding_fish.mp4"", ""name"": ""duck_feeding_fish.mp4""}",2025-08-09T20:03:44.831652+00:00
video,added,mirrors/Cat Discovers Ears While Striking Pose in Mirror.mp4,be45cbfbd1f64fae9d9706aa1ce03550,https://customer-1ixj2hastb04w2ye.cloudflarestream.com/be45cbfbd1f64fae9d9706aa1ce03550/manifest/video.m3u8,https://api.cloudflare.com/client/v4/accounts/85cd9827d6b73c6498b0f1fcd409a017/stream/be45cbfbd1f64fae9d9706aa1ce03550,"{""project"": ""added"", ""source"": ""mirrors/Cat Discovers Ears While Striking Pose in Mirror.mp4"", ""name"": ""Cat Discovers Ears While Striking Pose in Mirror.mp4""}",2025-08-09T20:04:05.947993+00:00
video,added,mirrors/cat_mirror.mp4,b3eb20cbd6a94c66b86e6e5e3def1ebf,https://customer-1ixj2hastb04w2ye.cloudflarestream.com/b3eb20cbd6a94c66b86e6e5e3def1ebf/manifest/video.m3u8,https://api.cloudflare.com/client/v4/accounts/85cd9827d6b73c6498b0f1fcd409a017/stream/b3eb20cbd6a94c66b86e6e5e3def1ebf,"{""project"": ""added"", ""source"": ""mirrors/cat_mirror.mp4"", ""name"": ""cat_mirror.mp4""}",2025-08-09T20:04:06.810800+00:00
video,added,mirrors/horses_trying_to_trick_mirror.mp4,994a4fac09514466849a4e9e10c72511,https://customer-1ixj2hastb04w2ye.cloudflarestream.com/994a4fac09514466849a4e9e10c72511/manifest/video.m3u8,https://api.cloudflare.com/client/v4/accounts/85cd9827d6b73c6498b0f1fcd409a017/stream/994a4fac09514466849a4e9e10c72511,"{""project"": ""added"", ""source"": ""mirrors/horses_trying_to_trick_mirror.mp4"", ""name"": ""horses_trying_to_trick_mirror.mp4""}",2025-08-09T20:04:12.163045+00:00
video,added,navigating_human_world/dog_with_stick_through_doors.mp4,3976a5d641294c93a8342e9da6e76e01,https://customer-1ixj2hastb04w2ye.cloudflarestream.com/3976a5d641294c93a8342e9da6e76e01/manifest/video.m3u8,https://api.cloudflare.com/client/v4/accounts/85cd9827d6b73c6498b0f1fcd409a017/stream/3976a5d641294c93a8342e9da6e76e01,"{""project"": ""added"", ""source"": ""navigating_human_world/dog_with_stick_through_doors.mp4"", ""name"": ""dog_with_stick_through_doors.mp4""}",2025-08-09T20:05:09.774324+00:00
video,added,navigating_human_world/dog_waiting_for_traffic_signal.mp4,2edbe9634f29452fa57ade2780d0c114,https://customer-1ixj2hastb04w2ye.cloudflarestream.com/2edbe9634f29452fa57ade2780d0c114/manifest/video.m3u8,https://api.cloudflare.com/client/v4/accounts/85cd9827d6b73c6498b0f1fcd409a017/stream/2edbe9634f29452fa57ade2780d0c114,"{""project"": ""added"", ""source"": ""navigating_human_world/dog_waiting_for_traffic_signal.mp4"", ""name"": ""dog_waiting_for_traffic_signal.mp4""}",2025-08-09T20:05:09.846625+00:00
video,added,navigating_human_world/pigeon_using_public_transportation.mp4,534f12b5418f44f5a6324ba65793f178,https://customer-1ixj2hastb04w2ye.cloudflarestream.com/534f12b5418f44f5a6324ba65793f178/manifest/video.m3u8,https://api.cloudflare.com/client/v4/accounts/85cd9827d6b73c6498b0f1fcd409a017/stream/534f12b5418f44f5a6324ba65793f178,"{""project"": ""added"", ""source"": ""navigating_human_world/pigeon_using_public_transportation.mp4"", ""name"": ""pigeon_using_public_transportation.mp4""}",2025-08-09T20:05:10.433353+00:00
video,added,navigating_human_world/dog_moving_fence.mp4,c1c5216e10ce4266bce8b6ae77aa8861,https://customer-1ixj2hastb04w2ye.cloudflarestream.com/c1c5216e10ce4266bce8b6ae77aa8861/manifest/video.m3u8,https://api.cloudflare.com/client/v4/accounts/85cd9827d6b73c6498b0f1fcd409a017/stream/c1c5216e10ce4266bce8b6ae77aa8861,"{""project"": ""added"", ""source"": ""navigating_human_world/dog_moving_fence.mp4"", ""name"": ""dog_moving_fence.mp4""}",2025-08-09T20:05:25.006132+00:00
video,added,navigating_human_world/crow_picking_up_trash.mp4,466f6fde163748d2a7365481193b19a4,https://customer-1ixj2hastb04w2ye.cloudflarestream.com/466f6fde163748d2a7365481193b19a4/manifest/video.m3u8,https://api.cloudflare.com/client/v4/accounts/85cd9827d6b73c6498b0f1fcd409a017/stream/466f6fde163748d2a7365481193b19a4,"{""project"": ""added"", ""source"": ""navigating_human_world/crow_picking_up_trash.mp4"", ""name"": ""crow_picking_up_trash.mp4""}",2025-08-09T20:05:25.723761+00:00
video,added,navigating_human_world/pigeon_public_transit.mp4,eaa5b485645344809f9225326d20dac8,https://customer-1ixj2hastb04w2ye.cloudflarestream.com/eaa5b485645344809f9225326d20dac8/manifest/video.m3u8,https://api.cloudflare.com/client/v4/accounts/85cd9827d6b73c6498b0f1fcd409a017/stream/eaa5b485645344809f9225326d20dac8,"{""project"": ""added"", ""source"": ""navigating_human_world/pigeon_public_transit.mp4"", ""name"": ""pigeon_public_transit.mp4""}",2025-08-09T20:06:17.755891+00:00
video,added,navigating_human_world/deer_crossing_the_street.mp4,c0f5977434994706bac6a7c84f66e0c5,https://customer-1ixj2hastb04w2ye.cloudflarestream.com/c0f5977434994706bac6a7c84f66e0c5/manifest/video.m3u8,https://api.cloudflare.com/client/v4/accounts/85cd9827d6b73c6498b0f1fcd409a017/stream/c0f5977434994706bac6a7c84f66e0c5,"{""project"": ""added"", ""source"": ""navigating_human_world/deer_crossing_the_street.mp4"", ""name"": ""deer_crossing_the_street.mp4""}",2025-08-09T20:06:17.923514+00:00
video,added,bait/BlackCrownedNightHeronUsingBait.mp4,14b53ac26bfa4c5a908a2080199ccfbf,https://customer-1ixj2hastb04w2ye.cloudflarestream.com/14b53ac26bfa4c5a908a2080199ccfbf/manifest/video.m3u8,https://api.cloudflare.com/client/v4/accounts/85cd9827d6b73c6498b0f1fcd409a017/stream/14b53ac26bfa4c5a908a2080199ccfbf,"{""project"": ""added"", ""source"": ""bait/BlackCrownedNightHeronUsingBait.mp4"", ""name"": ""BlackCrownedNightHeronUsingBait.mp4""}",2025-08-09T20:06:18.174438+00:00
video,added,bait/GreenHeronUsingBait.mp4,374532af24684af2968a739a111e85fa,https://customer-1ixj2hastb04w2ye.cloudflarestream.com/374532af24684af2968a739a111e85fa/manifest/video.m3u8,https://api.cloudflare.com/client/v4/accounts/85cd9827d6b73c6498b0f1fcd409a017/stream/374532af24684af2968a739a111e85fa,"{""project"": ""added"", ""source"": ""bait/GreenHeronUsingBait.mp4"", ""name"": ""GreenHeronUsingBait.mp4""}",2025-08-09T20:06:33.481131+00:00
video,added,bait/green-heron_using_bait.mp4,65c6d015f31b4b94818632dbf60cbdeb,https://customer-1ixj2hastb04w2ye.cloudflarestream.com/65c6d015f31b4b94818632dbf60cbdeb/manifest/video.m3u8,https://api.cloudflare.com/client/v4/accounts/85cd9827d6b73c6498b0f1fcd409a017/stream/65c6d015f31b4b94818632dbf60cbdeb,"{""project"": ""added"", ""source"": ""bait/green-heron_using_bait.mp4"", ""name"": ""green-heron_using_bait.mp4""}",2025-08-09T20:06:34.963775+00:00
video,added,communication/Squirrel asks dude for water.mp4,6f11398adacd47aca978d871e77ea7cb,https://customer-1ixj2hastb04w2ye.cloudflarestream.com/6f11398adacd47aca978d871e77ea7cb/manifest/video.m3u8,https://api.cloudflare.com/client/v4/accounts/85cd9827d6b73c6498b0f1fcd409a017/stream/6f11398adacd47aca978d871e77ea7cb,"{""project"": ""added"", ""source"": ""communication/Squirrel asks dude for water.mp4"", ""name"": ""Squirrel asks dude for water.mp4""}",2025-08-09T20:06:39.094386+00:00
video,added,natural_tools/BirdSewingThreadAsTool.mp4,a3bb2e98c0214096ac65b08f7c1b2f72,https://customer-1ixj2hastb04w2ye.cloudflarestream.com/a3bb2e98c0214096ac65b08f7c1b2f72/manifest/video.m3u8,https://api.cloudflare.com/client/v4/accounts/85cd9827d6b73c6498b0f1fcd409a017/stream/a3bb2e98c0214096ac65b08f7c1b2f72,"{""project"": ""added"", ""source"": ""natural_tools/BirdSewingThreadAsTool.mp4"", ""name"": ""BirdSewingThreadAsTool.mp4""}",2025-08-09T20:06:42.803537+00:00
video,added,natural_tools/ElephantCleanBetweenToesWithStick.mp4,04faa130f200456abf7d5b3df34e7cd6,https://customer-1ixj2hastb04w2ye.cloudflarestream.com/04faa130f200456abf7d5b3df34e7cd6/manifest/video.m3u8,https://api.cloudflare.com/client/v4/accounts/85cd9827d6b73c6498b0f1fcd409a017/stream/04faa130f200456abf7d5b3df34e7cd6,"{""project"": ""added"", ""source"": ""natural_tools/ElephantCleanBetweenToesWithStick.mp4"", ""name"": ""ElephantCleanBetweenToesWithStick.mp4""}",2025-08-09T20:06:47.656768+00:00
video,added,play/cat_skateboarding.mp4,33452a8fa97d49efbf1b8e79f166c5f6,https://customer-1ixj2hastb04w2ye.cloudflarestream.com/33452a8fa97d49efbf1b8e79f166c5f6/manifest/video.m3u8,https://api.cloudflare.com/client/v4/accounts/85cd9827d6b73c6498b0f1fcd409a017/stream/33452a8fa97d49efbf1b8e79f166c5f6,"{""project"": ""added"", ""source"": ""play/cat_skateboarding.mp4"", ""name"": ""cat_skateboarding.mp4""}",2025-08-09T20:06:53.852863+00:00
video,added,natural_tools/BirdsStickToScratchItch.mp4,356559866da94b70b11f1f85af724e10,https://customer-1ixj2hastb04w2ye.cloudflarestream.com/356559866da94b70b11f1f85af724e10/manifest/video.m3u8,https://api.cloudflare.com/client/v4/accounts/85cd9827d6b73c6498b0f1fcd409a017/stream/356559866da94b70b11f1f85af724e10,"{""project"": ""added"", ""source"": ""natural_tools/BirdsStickToScratchItch.mp4"", ""name"": ""BirdsStickToScratchItch.mp4""}",2025-08-09T20:07:22.127127+00:00
video,added,natural_tools/puffin_stick.mp4,39ec8563b4fa42299483444ee0785bd5,https://customer-1ixj2hastb04w2ye.cloudflarestream.com/39ec8563b4fa42299483444ee0785bd5/manifest/video.m3u8,https://api.cloudflare.com/client/v4/accounts/85cd9827d6b73c6498b0f1fcd409a017/stream/39ec8563b4fa42299483444ee0785bd5,"{""project"": ""added"", ""source"": ""natural_tools/puffin_stick.mp4"", ""name"": ""puffin_stick.mp4""}",2025-08-09T20:07:23.318182+00:00
video,added,natural_tools/octopus_hiding_with_shells.mp4,9c6c9e67008d450e9eeb1c78685c8f7b,https://customer-1ixj2hastb04w2ye.cloudflarestream.com/9c6c9e67008d450e9eeb1c78685c8f7b/manifest/video.m3u8,https://api.cloudflare.com/client/v4/accounts/85cd9827d6b73c6498b0f1fcd409a017/stream/9c6c9e67008d450e9eeb1c78685c8f7b,"{""project"": ""added"", ""source"": ""natural_tools/octopus_hiding_with_shells.mp4"", ""name"": ""octopus_hiding_with_shells.mp4""}",2025-08-09T20:07:24.181795+00:00
video,added,play/ChimpPingPong.mp4,f329942b2aba42c5b6573b9e188b2f6b,https://customer-1ixj2hastb04w2ye.cloudflarestream.com/f329942b2aba42c5b6573b9e188b2f6b/manifest/video.m3u8,https://api.cloudflare.com/client/v4/accounts/85cd9827d6b73c6498b0f1fcd409a017/stream/f329942b2aba42c5b6573b9e188b2f6b,"{""project"": ""added"", ""source"": ""play/ChimpPingPong.mp4"", ""name"": ""ChimpPingPong.mp4""}",2025-08-09T20:07:30.716612+00:00
video,added,play/dog_jenga.mp4,24bd3295cd3d4f5ba3ced3a55b4a7e58,https://customer-1ixj2hastb04w2ye.cloudflarestream.com/24bd3295cd3d4f5ba3ced3a55b4a7e58/manifest/video.m3u8,https://api.cloudflare.com/client/v4/accounts/85cd9827d6b73c6498b0f1fcd409a017/stream/24bd3295cd3d4f5ba3ced3a55b4a7e58,"{""project"": ""added"", ""source"": ""play/dog_jenga.mp4"", ""name"": ""dog_jenga.mp4""}",2025-08-09T20:07:33.372036+00:00
video,added,play/dog_skateboarding2.mp4,f98fb4c502d34522ad462da04b67c64d,https://customer-1ixj2hastb04w2ye.cloudflarestream.com/f98fb4c502d34522ad462da04b67c64d/manifest/video.m3u8,https://api.cloudflare.com/client/v4/accounts/85cd9827d6b73c6498b0f1fcd409a017/stream/f98fb4c502d34522ad462da04b67c64d,"{""project"": ""added"", ""source"": ""play/dog_skateboarding2.mp4"", ""name"": ""dog_skateboarding2.mp4""}",2025-08-09T20:07:38.301493+00:00
video,added,natural_tools/octopus_with_shells.mp4,5a4e8f3748234a72bb72cfc5087fcdf2,https://customer-1ixj2hastb04w2ye.cloudflarestream.com/5a4e8f3748234a72bb72cfc5087fcdf2/manifest/video.m3u8,https://api.cloudflare.com/client/v4/accounts/85cd9827d6b73c6498b0f1fcd409a017/stream/5a4e8f3748234a72bb72cfc5087fcdf2,"{""project"": ""added"", ""source"": ""natural_tools/octopus_with_shells.mp4"", ""name"": ""octopus_with_shells.mp4""}",2025-08-09T20:07:46.802440+00:00
video,added,play/bear_jumping_with_child.mp4,b192ff5b91134120b7f46a7360478d05,https://customer-1ixj2hastb04w2ye.cloudflarestream.com/b192ff5b91134120b7f46a7360478d05/manifest/video.m3u8,https://api.cloudflare.com/client/v4/accounts/85cd9827d6b73c6498b0f1fcd409a017/stream/b192ff5b91134120b7f46a7360478d05,"{""project"": ""added"", ""source"": ""play/bear_jumping_with_child.mp4"", ""name"": ""bear_jumping_with_child.mp4""}",2025-08-09T20:07:54.566392+00:00
video,added,natural_tools/magpie_water_displacement.mp4,4a1ff03598f345fa944fc571ed1dcb5f,https://customer-1ixj2hastb04w2ye.cloudflarestream.com/4a1ff03598f345fa944fc571ed1dcb5f/manifest/video.m3u8,https://api.cloudflare.com/client/v4/accounts/85cd9827d6b73c6498b0f1fcd409a017/stream/4a1ff03598f345fa944fc571ed1dcb5f,"{""project"": ""added"", ""source"": ""natural_tools/magpie_water_displacement.mp4"", ""name"": ""magpie_water_displacement.mp4""}",2025-08-09T20:08:10.144061+00:00
video,added,play/deer_soccer_ball.mp4,8e8d18718d824a8aa5cfb428a556ca17,https://customer-1ixj2hastb04w2ye.cloudflarestream.com/8e8d18718d824a8aa5cfb428a556ca17/manifest/video.m3u8,https://api.cloudflare.com/client/v4/accounts/85cd9827d6b73c6498b0f1fcd409a017/stream/8e8d18718d824a8aa5cfb428a556ca17,"{""project"": ""added"", ""source"": ""play/deer_soccer_ball.mp4"", ""name"": ""deer_soccer_ball.mp4""}",2025-08-09T20:08:14.629444+00:00
video,added,natural_tools/parrot_pasta_scratch.mp4,ee58bc9fe14040dd8db1c06fd621bb79,https://customer-1ixj2hastb04w2ye.cloudflarestream.com/ee58bc9fe14040dd8db1c06fd621bb79/manifest/video.m3u8,https://api.cloudflare.com/client/v4/accounts/85cd9827d6b73c6498b0f1fcd409a017/stream/ee58bc9fe14040dd8db1c06fd621bb79,"{""project"": ""added"", ""source"": ""natural_tools/parrot_pasta_scratch.mp4"", ""name"": ""parrot_pasta_scratch.mp4""}",2025-08-09T20:08:16.201846+00:00
video,added,play/dog_skateboarding.mp4,9f45e9178c174a498246fc789bdcceb5,https://customer-1ixj2hastb04w2ye.cloudflarestream.com/9f45e9178c174a498246fc789bdcceb5/manifest/video.m3u8,https://api.cloudflare.com/client/v4/accounts/85cd9827d6b73c6498b0f1fcd409a017/stream/9f45e9178c174a498246fc789bdcceb5,"{""project"": ""added"", ""source"": ""play/dog_skateboarding.mp4"", ""name"": ""dog_skateboarding.mp4""}",2025-08-09T20:08:32.070678+00:00
video,added,play/elephant_takes_off_and_hides_womans_hat_in_mouth.mp4,bc4d7d3a82e04e839762272621a785ca,https://customer-1ixj2hastb04w2ye.cloudflarestream.com/bc4d7d3a82e04e839762272621a785ca/manifest/video.m3u8,https://api.cloudflare.com/client/v4/accounts/85cd9827d6b73c6498b0f1fcd409a017/stream/bc4d7d3a82e04e839762272621a785ca,"{""project"": ""added"", ""source"": ""play/elephant_takes_off_and_hides_womans_hat_in_mouth.mp4"", ""name"": ""elephant_takes_off_and_hides_womans_hat_in_mouth.mp4""}",2025-08-09T20:08:33.275966+00:00
video,added,play/Dog playing volleyball.mp4,0df649be8bcf4195b986698480320770,https://customer-1ixj2hastb04w2ye.cloudflarestream.com/0df649be8bcf4195b986698480320770/manifest/video.m3u8,https://api.cloudflare.com/client/v4/accounts/85cd9827d6b73c6498b0f1fcd409a017/stream/0df649be8bcf4195b986698480320770,"{""project"": ""added"", ""source"": ""play/Dog playing volleyball.mp4"", ""name"": ""Dog playing volleyball.mp4""}",2025-08-09T20:08:49.717143+00:00
video,added,play/dog_and_chicken_playing_tag.mp4,38a16af6b83149738ffc7f4c17a62ad2,https://customer-1ixj2hastb04w2ye.cloudflarestream.com/38a16af6b83149738ffc7f4c17a62ad2/manifest/video.m3u8,https://api.cloudflare.com/client/v4/accounts/85cd9827d6b73c6498b0f1fcd409a017/stream/38a16af6b83149738ffc7f4c17a62ad2,"{""project"": ""added"", ""source"": ""play/dog_and_chicken_playing_tag.mp4"", ""name"": ""dog_and_chicken_playing_tag.mp4""}",2025-08-09T20:08:50.540057+00:00
video,added,electronics/Cat_Watching_IPad.mp4,7d48ab01d6f04e0c9ed1e6c2626b98f7,https://watch.cloudflarestream.com/7d48ab01d6f04e0c9ed1e6c2626b98f7,https://api.cloudflare.com/client/v4/accounts/85cd9827d6b73c6498b0f1fcd409a017/stream/7d48ab01d6f04e0c9ed1e6c2626b98f7,"{""name"": ""Cat_Watching_IPad.mp4"", ""project"": ""added"", ""source"": ""electronics/Cat_Watching_IPad.mp4""}",2025-09-13T16:46:53.873084+00:00
video,added,electronics/Chimp_Using_SmartPhone.mp4,9a369d5d00fc4ebfaf3ccc7576869ed1,https://watch.cloudflarestream.com/9a369d5d00fc4ebfaf3ccc7576869ed1,https://api.cloudflare.com/client/v4/accounts/85cd9827d6b73c6498b0f1fcd409a017/stream/9a369d5d00fc4ebfaf3ccc7576869ed1,"{""name"": ""Chimp_Using_SmartPhone.mp4"", ""project"": ""added"", ""source"": ""electronics/Chimp_Using_SmartPhone.mp4""}",2025-09-13T16:47:09.046554+00:00
video,added,electronics/Kittens_Watching_SmartPhone.mp4,84caa914ba2d4a1fbeac879e5b7685c1,https://watch.cloudflarestream.com/84caa914ba2d4a1fbeac879e5b7685c1,https://api.cloudflare.com/client/v4/accounts/85cd9827d6b73c6498b0f1fcd409a017/stream/84caa914ba2d4a1fbeac879e5b7685c1,"{""name"": ""Kittens_Watching_SmartPhone.mp4"", ""project"": ""added"", ""source"": ""electronics/Kittens_Watching_SmartPhone.mp4""}",2025-09-13T16:47:13.613033+00:00
video,added,navigating_human_world/cat_making_bed.mp4,9d33a064a104463294341501e5492a99,https://watch.cloudflarestream.com/9d33a064a104463294341501e5492a99,https://api.cloudflare.com/client/v4/accounts/85cd9827d6b73c6498b0f1fcd409a017/stream/9d33a064a104463294341501e5492a99,"{""name"": ""cat_making_bed.mp4"", ""project"": ""added"", ""source"": ""navigating_human_world/cat_making_bed.mp4""}",2025-09-13T17:19:20.271288+00:00
video,added,navigating_human_world/cat_opening_cage.mp4,07c151948b6e48eb9217329ac94765e0,https://watch.cloudflarestream.com/07c151948b6e48eb9217329ac94765e0,https://api.cloudflare.com/client/v4/accounts/85cd9827d6b73c6498b0f1fcd409a017/stream/07c151948b6e48eb9217329ac94765e0,"{""name"": ""cat_opening_cage.mp4"", ""project"": ""added"", ""source"": ""navigating_human_world/cat_opening_cage.mp4""}",2025-09-13T17:19:28.183783+00:00
video,added,navigating_human_world/cow_turning_tap_on_and_then_off.mp4,c8b568aedd5e4ce8ad09c7ef56dfbf7a,https://watch.cloudflarestream.com/c8b568aedd5e4ce8ad09c7ef56dfbf7a,https://api.cloudflare.com/client/v4/accounts/85cd9827d6b73c6498b0f1fcd409a017/stream/c8b568aedd5e4ce8ad09c7ef56dfbf7a,"{""name"": ""cow_turning_tap_on_and_then_off.mp4"", ""project"": ""added"", ""source"": ""navigating_human_world/cow_turning_tap_on_and_then_off.mp4""}",2025-09-13T17:19:40.626132+00:00
video,added,navigating_human_world/dog_bringing_beer_to_owner.mp4,2d90a21805d6472b85066d04f2107d6b,https://watch.cloudflarestream.com/2d90a21805d6472b85066d04f2107d6b,https://api.cloudflare.com/client/v4/accounts/85cd9827d6b73c6498b0f1fcd409a017/stream/2d90a21805d6472b85066d04f2107d6b,"{""name"": ""dog_bringing_beer_to_owner.mp4"", ""project"": ""added"", ""source"": ""navigating_human_world/dog_bringing_beer_to_owner.mp4""}",2025-09-13T17:19:55.523828+00:00
video,added,navigating_human_world/dog_helping_other_dog.mp4,d372e56934db4289a70a6b40c2f5848e,https://watch.cloudflarestream.com/d372e56934db4289a70a6b40c2f5848e,https://api.cloudflare.com/client/v4/accounts/85cd9827d6b73c6498b0f1fcd409a017/stream/d372e56934db4289a70a6b40c2f5848e,"{""name"": ""dog_helping_other_dog.mp4"", ""project"": ""added"", ""source"": ""navigating_human_world/dog_helping_other_dog.mp4""}",2025-09-13T17:20:06.831090+00:00
video,added,navigating_human_world/dog_picking_up_its_toy.mp4,d220114c92a84d129531c2a5f612e4b8,https://watch.cloudflarestream.com/d220114c92a84d129531c2a5f612e4b8,https://api.cloudflare.com/client/v4/accounts/85cd9827d6b73c6498b0f1fcd409a017/stream/d220114c92a84d129531c2a5f612e4b8,"{""name"": ""dog_picking_up_its_toy.mp4"", ""project"": ""added"", ""source"": ""navigating_human_world/dog_picking_up_its_toy.mp4""}",2025-09-13T17:20:11.522148+00:00
video,added,navigating_human_world/dog_putting_things_away.mp4,9f6b7d72337a40028e301830c527ab4b,https://watch.cloudflarestream.com/9f6b7d72337a40028e301830c527ab4b,https://api.cloudflare.com/client/v4/accounts/85cd9827d6b73c6498b0f1fcd409a017/stream/9f6b7d72337a40028e301830c527ab4b,"{""name"": ""dog_putting_things_away.mp4"", ""project"": ""added"", ""source"": ""navigating_human_world/dog_putting_things_away.mp4""}",2025-09-13T17:20:20.032291+00:00
video,added,navigating_human_world/dog_rearrenage_fence_to_escape.mp4,cb54d0e17977491095bb80de704fb017,https://watch.cloudflarestream.com/cb54d0e17977491095bb80de704fb017,https://api.cloudflare.com/client/v4/accounts/85cd9827d6b73c6498b0f1fcd409a017/stream/cb54d0e17977491095bb80de704fb017,"{""name"": ""dog_rearrenage_fence_to_escape.mp4"", ""project"": ""added"", ""source"": ""navigating_human_world/dog_rearrenage_fence_to_escape.mp4""}",2025-09-13T17:20:22.279529+00:00
video,added,navigating_human_world/donkey_opening_car_door.mp4,24117f1037d94cd5a948eb1522f13e47,https://watch.cloudflarestream.com/24117f1037d94cd5a948eb1522f13e47,https://api.cloudflare.com/client/v4/accounts/85cd9827d6b73c6498b0f1fcd409a017/stream/24117f1037d94cd5a948eb1522f13e47,"{""name"": ""donkey_opening_car_door.mp4"", ""project"": ""added"", ""source"": ""navigating_human_world/donkey_opening_car_door.mp4""}",2025-09-13T17:20:31.830767+00:00
video,added,navigating_human_world/Elephant_using_Recycling_Bin.mp4,4907d6de94b34375a2589410ea253884,https://watch.cloudflarestream.com/4907d6de94b34375a2589410ea253884,https://api.cloudflare.com/client/v4/accounts/85cd9827d6b73c6498b0f1fcd409a017/stream/4907d6de94b34375a2589410ea253884,"{""name"": ""Elephant_using_Recycling_Bin.mp4"", ""project"": ""added"", ""source"": ""navigating_human_world/Elephant_using_Recycling_Bin.mp4""}",2025-09-13T17:20:34.859690+00:00
video,added,navigating_human_world/pig_getting_out_of_cage.mp4,eda2adc52c06419a80026a29c96ef460,https://watch.cloudflarestream.com/eda2adc52c06419a80026a29c96ef460,https://api.cloudflare.com/client/v4/accounts/85cd9827d6b73c6498b0f1fcd409a017/stream/eda2adc52c06419a80026a29c96ef460,"{""name"": ""pig_getting_out_of_cage.mp4"", ""project"": ""added"", ""source"": ""navigating_human_world/pig_getting_out_of_cage.mp4""}",2025-09-13T17:20:41.117346+00:00
video,added,navigating_human_world/trained_dog_takes_care_of_person.mp4,8bf232751b2d4246a64ddef03130d312,https://watch.cloudflarestream.com/8bf232751b2d4246a64ddef03130d312,https://api.cloudflare.com/client/v4/accounts/85cd9827d6b73c6498b0f1fcd409a017/stream/8bf232751b2d4246a64ddef03130d312,"{""name"": ""trained_dog_takes_care_of_person.mp4"", ""project"": ""added"", ""source"": ""navigating_human_world/trained_dog_takes_care_of_person.mp4""}",2025-09-13T17:20:47.066036+00:00
